"Reference","Value","Qty","DNP","Exclude from Board","Exclude from BOM","Manufacturer_Name","Manufacturer_Part_Number","Mouser Part Number","Mouser Price/Stock","ORDER_CODE_DIGIKEY","ORDER_CODE_FARNELL","ORDER_CODE_RS"
"R1,R2,R5,R15,R37,R38,R502,R604,R605,R610,R611","0R","11","","","","","","279-CRG0805ZR","","","",""
"C1","4.7pF","1","","","","","","77-VJ0805A4R7DXQPBC","","","",""
"C606,C607,C608,C609","6.8pF","4","","","","","","581-08055A6R8D","","","",""
"C605","10p","1","","","","","","80-C0805C100JCRACTU","","","",""
"C203,C204,C205,C206,C709","15n","5","","","","","","80-C0805C153K1R","","","",""
"C201,C202,C207,C208,C708","33n","5","","","","","","710-885012207095","","","",""
"C9,C10,C13,C502,C604,C703,C704,C706,C710,C711,C713,C716,C717,C719,C721,C723,C724,C730,C731,C732,C734,C803,C808,C809,C810,C811","100n","26","","","","","","603-CC805KRX7R9BB104","","","",""
"C7,C702,C705,C707,C714,C722,L701,L801","1u","8","","","","","","80-C0805C105K3RACTM","","","",""
"C728,C729,L201","2.2u","3","","","","",""," 810-TMS322512ALM2R2M ,187-CL21B225KPFNNNE","","","",""
"C12","4,7uF","1","","","","","","187-CL21A226KQCLRNC","","","",""
"C727","4.7uF","1","","","","","","187-CL21A475KAQNNNE","","","",""
"C701","10u","1","","","","","","187-CL21A106KQFNNNG","","","",""
"C5,C6,C8,C501,C602,C712,C725,C726,C801,C802,C804,C805,C806,C807,C812,C813","22u","16","","","","","","187-CL21A226KQCLRNC","","","",""
"R34,R35,R36","22","3","","","","","","594-MCU08050C2209FP5","","","",""
"R802","120","1","","","","","","652-CR0805JW-121ELF","","","",""
"R6,R7,R10,R16,R18,R19,R201,R202,R212,R213,R603,R606,R608,R609,R701,R702","1k","16","","","","","","667-ERJ-6ENF1001V","","","",""
"R203,R204,R210,R211,R703","2k","5","","","","","","279-CRG0805F2K0","","","",""
"R809","4,7k","1","","","","","","279-CRG0805F4K7","","","",""
"R3,R209,R810,R811,R812","10k","5","","","","","","660-RK73B2ATTD103G","","","",""
"R803,R808","20k","2","","","","","","660-RK73B2ATTD203J","","","",""
"R13","68k","1","","","","","","660-RK73B2ATTD683J","","","",""
"R4,R8,R9,R17,R20,R501,R503,R601,R602,R607,R706,R801,R804,R805,R806,R807,R814","100k","17","","","","","","660-RK73B2ATTE104J","","","",""
"R12","180k","1","","","","","","652-CR0805JW-184ELF","","","",""
"R612,R704,R705","330k","3","","","","","","652-CR0805AFX3303EAS","","","",""
"R813","732k","1","","","","","","603-RT0805FRE07732KL","","","",""
"R11,R14","1M","2","","","","","","603-RV0805JR-071ML","","","",""
"IC8","317990687","1","","","","Seeed Studio","317990687","713-317990687","https://www.mouser.co.uk/ProductDetail/Seeed-Studio/317990687?qs=hd1VzrDQEGhZOj13wvzSLA%3D%3D","","",""
"R205,R206,R207,R208","2k2","4","","","","","","756-WCR0805-2K2FI","","","",""
"DEBUG1","3220-10-0100-00","1","","","","","","","","","",""
"VR701","3266X-1-203LF","1","","","","Bourns","3266X-1-203LF","652-3266X-1-203LF","https://www.mouser.co.uk/ProductDetail/Bourns/3266X-1-203LF?qs=%252B8v4bwhISUKQBVO7Xq7s8w%3D%3D","","",""
"R613","49k9","1","","","","","","594-MCU08050D4992BP5","","","",""
"J502","503398-1892","1","","","","Molex","503398-1892","538-503398-1892","https://www.mouser.co.uk/ProductDetail/Molex/503398-1892?qs=b0v8CoHHvSMxV%252BW12iKaSg%3D%3D","","",""
"U4","AMS1117-3.3","1","","","","","","926-LM1117MP-3.3NOPB","","","",""
"Battery1,ESP_EN1,LoRa_EN1,LoRa_LED+1,SD_EN1,Solar1","Conn_01x02_Pin","6","","","","","","474-PRT-09914 ,523-G800NA306018EU","","","",""
"Soil_Moisture1,Soil_Temp1,UV_Sensor1,Wind_Sensor1","Conn_01x03_Pin","4","","","","","","306-B3BXHAMLFSNP","","","",""
"Analog_IN1_2,Current_Sink1,FDCAN1,I2C4,J1,J206,PAR_Sensor1,UART_ESP1","Conn_01x04_Pin","8","","","","","","306-B4BXHAMLFSNP,523-G800LW304032EU","","","",""
"DEBUG_Trace1","Conn_01x05_Pin","1","","","","","","523-G800W303018EU","","","",""
"ESP_GPIO1,JTAG_ESP1,JTAG_LORA1","Conn_01x06_Pin","3","","","","","","649-1012937990602BLF","","","",""
"BME680,J207","Conn_01x07_Pin","2","","","","","","306-B7BXHAMLFSNP,855-M20-9770746","","","",""
"OneWire1","Conn_02x02_Counter_Clockwise","1","","","","","","649-67997-100HLF","","","",""
"PWR_Select1","Conn_02x04_Odd_Even","1","","","","","","649-1012938190403BLF","","","",""
"J6","Conn_Coaxial","1","","","","","","","","","",""
"D703","D_Schottky","1","","","","","","621-MBR230S1F-7","","","",""
"D701","D_Zener","1","","","","","","863-MMSZ5222BT1G ","","","",""
"Q201,Q202,Q203,Q204","DMG1012T-13","4","","","","Diodes Incorporated","DMG1012T-13","621-DMG1012T-13","https://www.mouser.co.uk/ProductDetail/Diodes-Incorporated/DMG1012T-13?qs=w%2Fv1CP2dgqpw%252ByWBJOGGBA%3D%3D","","",""
"IC2","DMP1045U-7","1","","","","Diodes Incorporated","DMP1045U-7","621-DMP1045U-7","https://www.mouser.co.uk/ProductDetail/Diodes-Incorporated/DMP1045U-7?qs=T%2FOtf55vL7eEKnIWhgMvTQ%3D%3D","","",""
"IC1,IC201,IC202,IC203","ESDALC6V1W5","4","","","","STMicroelectronics","ESDALC6V1W5"," 511-ESDALC6V1W5  ","https://www.mouser.co.uk/ProductDetail/STMicroelectronics/ESDALC6V1W5?qs=C%2FEejvvdwQ4xcyFnfrFaDw%3D%3D","","",""
"U3","ESP32-C6-WROOM-1-N8","1","","","","","","356-ESP32C6WROOM1N8 ","","","",""
"C733","FC0V104ZFTBR24","1","","","","KEMET","FC0V104ZFTBR24","80-FC0V104ZFTBR24","https://www.mouser.co.uk/ProductDetail/KEMET/FC0V104ZFTBR24?qs=pfd5qewlna6EgB0gPZyt9Q%3D%3D","","",""
"Q1,Q2,Q7,Q8,Q501,Q701,Q801,Q802,Q803,Q804,Q805","IRLML6402","11","","","","","","942-IRLML6402TRPBF","","","",""
"U802","ISL83078EIBZA","1","","","","","","968-ISL83078EIBZA","","","",""
"JP_3V3,JP_VDD1","Jumper_2_Bridged","2","","","","","","523-G800NA306018EU","","","",""
"JP2","Jumper_3_Open","1","","","","","","649-1012937890304BLF","","","",""
"D2,LED_1,LED_2,LED_3,LED_4,LED_ESP1","LED","6","","","","","","630-HSME-C170 ","","","",""
"IC601,IC602","MMS9013-L-TP","2","","","","MCC","MMS9013-L-TP","833-MMS9013L-TP","https://www.mouser.co.uk/ProductDetail/Micro-Commercial-Components-MCC/MMS9013-L-TP?qs=P1JMDcb91o6OmgJiBYj6kQ%3D%3D","","",""
"5V_Input1","PJ-102B","1","","","","Same Sky","PJ-102B","490-PJ-102B","https://www.mouser.co.uk/ProductDetail/Same-Sky/PJ-102B?qs=WyjlAZoYn50OhgyxNd%252BH3w%3D%3D","","",""
"U202","STM32U575ZIT6Q","1","","","","","","511-STM32U575ZIT6Q","","","",""
"SW2,SW3","SW_DIP_x01","2","","","","","","490-DS04254201BK-SMT ","","","",""
"Chip_EN1,Reset1,USER_BUTTON1","SW_Push","3","","","","","","688-SKRKAG","","","",""
"Boot_STM1","SW_SPDT","1","","","","","","611-JS102011JCBN","","","",""
"C2","TBD","1","","","","","","","","","",""
"U201,U702","TLV9304IDR","2","","","","","","595-TLV9304IDR","","","",""
"U801","TPS61023DRLR","1","","","","","","595-TPS61023DRLR","","","",""
"IC701","TPS63021DSJR","1","","","","Texas Instruments","TPS63021DSJR","595-TPS63021DSJR","https://www.mouser.co.uk/ProductDetail/Texas-Instruments/TPS63021DSJR?qs=C44r%252BX3hXgL5uT9uesn8fg%3D%3D","","",""
"J4,J601","USB_B_Micro","2","","","","","","649-10103594-0001LF ","","","",""
"X602","XTAL_2_PINS","1","","","","","","","","N/A","N/A","N/A"
"X601","XTAL_4_PINS","1","","","","","","344-NX1610SA32768000","MU00658-32.768K (Digikey)","","",""
